Fase,#,Elemento,Qué es,Panel Qaway AHORA,CRM (referencia),Indicación (fix),Estado,Cómo va quedando (uniformidad),"Panel Principal Referencia (sep-26, verificado file:línea)"
1 — Estructura del shell,1,Barra superior (topbar) – alto total,La franja oscura de arriba con buscador y tu perfil,h-[72px] (HubPanelPage.jsx:1321),h-[72px] (CRMPage.jsx:304),Igual ya. No tocar altura.,OK — no tocar,"Uniforme Hub↔CRM: 72px, cápsulas h-10, letra text-sm",h-[72px] sticky (HubPanelPage.jsx:2574) — verificado sep-26
1 — Estructura del shell,2,Píldoras de acción en topbar (botón Apps/marca),"Botones pill ""capsule"" de 36px","h-9 (36px), letra 12px (HubPanelPage.jsx:1336,1495)","h-10 (40px), letra 14px (CRMPage.jsx:322,349,365)","Subir a h-10 + text-sm: da el efecto ""más alto"" del CRM",Aplicado,Topbar Hub = CRM (h-10 + text-sm) en todas las cápsulas,"h-10 + text-sm en cápsulas: waffle (:2583), switcher marca (:2616) — verificado"
1 — Estructura del shell,3,Buscador global,La barra de búsqueda del topbar,"py-2 (fina), letra 12px, ancho hasta 400px (HubPanelPage.jsx:1511)","py-2.5 (más alta), letra 14px, ancho hasta 420px, fondo #18181b (CRMPage.jsx:396)","Igualar: algo más alto, letra 13-14px, fondo consistente",Aplicado,Buscador py-2.5 / text-sm / 420px en Hub; idéntico al CRM,rounded-full py-2.5 text-sm w-[240/320/420px] (:2770-2773) — verificado
1 — Estructura del shell,4,Atajos de teclado (Ctrl+K),Mini-etiquetas que enseñan el atajo,letra 10px (HubPanelPage.jsx:1516-1517),11px (CRMPage.jsx:407-408),Unificar tamaño (≥11px),Aplicado,Atajos 11px + px-2 en ambos,kbd Ctrl+K 11px px-2 (:2775-2777) — verificado
1 — Estructura del shell,5,"Menú lateral – estado ""activo""",El módulo que tienes abierto se resalta,Naranja lleno bg-[#ff4b0b] blanco + sombra (HubPanelPage.jsx:1292),Sobrio: fondo white/10 + solo el icono naranja (CRMPage.jsx:250-254),Cambio estrella → CRM: activo = fondo gris sutil + icono naranja,Aplicado,Activo sobrio: fondo sutil + solo icono naranja (Hub = CRM),Activo sobrio: fondo sutil + icono naranja (sidebar Hub) — verificado
1 — Estructura del shell,6,Menú lateral – redondeado,Esquinas de cada ítem del menú,rounded-xl (12px) (HubPanelPage.jsx:1292),"rounded-lg (8px) (CRMPage.jsx:248,283)",Unificar a rounded-lg,Aplicado,Menú rounded-lg en Hub y CRM,rounded-lg en ítems del menú — verificado
1 — Estructura del shell,7,Menú lateral – letra,Tamaño de texto del menú,12px semibold (HubPanelPage.jsx:1292),14px medium (CRMPage.jsx:248),Unificar a 14px (en 10 ítems queda aireado),Aplicado (verificado),14px medium en ambos menús laterales,14px medium — verificado
1 — Estructura del shell,8,"Cabecera del logo (arriba, izquierda)",La franja con el nombre de la marca,h-16 (64px) + sublínea de rol 10px (HubPanelPage.jsx:1267-1280),"h-16 igual, solo nombre (CRMPage.jsx:226)",Mantener; solo asegurar mismo borde/espaciado,Aplicado en Hub y Inventario,Logo h-[72px] shrink-0 alineado a topbar h-[72px],HubPanelPage.jsx:2520 (h-[72px] shrink-0) & Sidebar.tsx:89 (h-[72px] shrink-0)
1 — Estructura del shell,9,Redondeado general de botones,Esquinas de todos los botones,13 valores distintos (sm/md/lg/xl/2xl/full + px 5/7/8/9/12/13 crudos),Conjunto compacto: rounded-lg/xl/2xl/full,Fijar 4 radios máx. y usarlos en todo,Aplicado,Escala md/lg/xl/2xl/full; Soporte md→lg; Reportes px→escala; Planes 10px→16,Escala lg/xl/2xl/full — verificado
2 — Botones y acciones,10,Botón principal – forma,El botón naranja de acción,5 recetas: h-10 rounded-xl text-sm (HubPanelPage:293) · h-9 rounded-lg text-[11px] (Perfil) · h-11 rounded-xl text-xs (Empresas:398) · px-4 py-2.5 text-xs (Planes:680) · h-11 rounded-lg text-[12px] (Soporte:312),CRM también varía: rounded-lg en topbar (CRMPage:491) y rounded-xl en contenido (ClientesView:611),1 sola receta. Proponer: h-10 px-5 rounded-xl text-sm font-bold y replicarla en los 12 archivos,Aplicado,1 receta: h-10 px-5 rounded-xl text-sm font-bold (12 archivos),1 receta: h-10 px-5 rounded-xl text-sm font-bold — verificado
2 — Botones y acciones,11,Botón principal – color al pasar el mouse,El naranja que ves al pasar encima,5 naranjas: #eb4207 / #e94308 / #e94309 / #e94408 / #f04406,2 en CRM: #dc3d00 (topbar) y #e03f06 (contenido),Elegir 1 hover (ej. #e03f06) y usarlo en todo,Aplicado,1 hover: #e03f06 (incluido topbar CRM #dc3d00),1 hover: #e03f06 — verificado
2 — Botones y acciones,12,Botón secundario,Botón gris/neutro de soporte,"3+ variantes: rounded-full zinc-950, bg-zinc-800, blanco (HubPanelPage:40,51,1730)",1 variante clara: bg-zinc-800 border-zinc-700 rounded-xl (CRMPage:51),1 receta secundaria única,Aplicado,Secundaria rounded-xl; cápsula full eliminada del buscador,Secundaria rounded-xl zinc-800 + borde — verificado
3 — Letras y jerarquía,13,Título de página (H1),El encabezado grande de cada sección,3 familias: text-2xl/3xl extrabold (mayoría) · 29px (Mi cuenta/Soporte) · 28px medium gris (Config),Los 3 apuntan a lo mismo,Fijar 1 solo: text-2xl md:text-3xl font-extrabold y borrar los 29px/28px,Aplicado (verificado),"H1 outliers 29/28px eliminados (el 28px restante es el Avatar grande, no es H1)",text-2xl md:text-3xl font-extrabold — verificado
3 — Letras y jerarquía,14,Títulos de sección (H2/H3),Encabezados medianos/pequeños dentro de cada pantalla,"12 tamaños distintos (text-sm, lg, [14px], [15px], [13px], [12px], xs, …)",Escala corta,"Escala única: H2=lg, H3=sm semibold. Eliminar tamaños arbitrarios",Aplicado,"Escala única h2=text-lg, h3=text-sm font-semibold: 20 h2 migrados de text-sm a text-lg en 8 archivos. 0 tamaños arbitrarios en headings.","h2=text-lg, h3=text-sm semibold — verificado"
3 — Letras y jerarquía,15,Alto mínimo de letra,Nadie debería leer texto ilegible,"10px en tablas/encabezados/tabs/labels (Planes:507, Perfil:356)",Mínimo ~12-13px,Prohibir <12px; 10px solo en micro-etiquetas excepcionales,Aplicado,Mínimo de letra: 13 tabs/headers/labels uppercase subidos de 10px a text-xs (12px). Los micro-datos de 10px sin rol de encabezado se conservan como excepción documentada.,≥12px; 10-11px solo micro-etiquetas excepcionales — verificado
3 — Letras y jerarquía,16,Espaciado entre letras (tracking),Cuánto se separan las letras en títulos small-caps,3 variantes mezcladas: wider / wide / tighter,unificado,Usar solo 1 (ej. tracking-wider),Aplicado,tracking-wider único (wide→wider),tracking-wider único — verificado
3 — Letras y jerarquía,17,Fuentes mezcladas,Familias de letra,font-serif ×3 en HubPanelPage + Inter en Reportes,Sistema uniforme,"Solo fuente del sistema (sin serif, sin Inter)",Aplicado,font-serif ×2 fuera de HubPanelPage; Inter fuera de Reportes (font inherit),Solo fuente del sistema (sin serif/Inter) — verificado
3 — Letras y jerarquía,18,KPI (números grandes de tarjetas),Métricas gigantes,"Unos text-3xl, otros text-2xl (Aplicaciones:213 vs :253)",uniforme,Un solo tamaño de KPI (2xl),Aplicado (verificado),Sin KPI text-3xl suelto; escala uniforme hoy,"KPI uniformes text-3xl extrabold en inicio (:1332,:1372) — verificado sep-26"
4 — Color y tokens,19,Naranja de marca,El color oficial,"#ff4b0b + 17 naranjas/ámbar derivados (#fe6612, #f97316, #ff8c00, #eab308, #f59e0b, #f4ad12, #ebae00…; gráficos #ff591f…#ff7b31)",1 solo naranja + neutros (rojos de gráficos no usados),"Centralizar todo en #ff4b0b (base) + 1 hover (Fase 2). Basura: #fe6612 en 3 cards del catálogo (HubPanelPage:69,70,72) y FAB Chatbot #ff8c00",Aplicado,"Regla 'mismo gráfico = misma paleta' aplicada: donut/barras de planes ahora usan UNA rampa de marca (#ff4b0b/#ff7a45/#ff9b73/#d4d4d8) en Reportes (CSS y JS), Empresas y Reportes-JS. FAB en marca pura.",Marca #ff4b0b + neutros; rampa única en gráficos — verificado
4 — Color y tokens,20,"Naranjas del widget ""Planes""",Tarjetas de planes del inicio,"Crea su propio mapa: Premium #f97316, Intermedio azul, Básico ámbar (HubPanelPage:426,535,630)",—,"Usar marca/neutros, no 3 colores nuevos",Aplicado (verificado),El widget de Planes del inicio ya no tiene mapa propio (#f97316 y compañeros extintos del shell).,Widget Planes sin mapa propio de color — verificado
4 — Color y tokens,21,Colores secundarios fuertes,Azules/morados/verdes extra que mezclan paletas,"blue-×46, purple-×14, indigo-×5, emerald×16, amber×11",Usa neutros + naranja (mismo FAB IA compartido),Reducir a marca + neutros; los chips de icono KPI simplifican el color,Parcial,Gráficos de datos: unificados a marca. Chips de icono KPI (azul/púrpura/esmeralda) se conservan a propósito: dan vida a la app (tu regla: multicolor donde aporta).,Gráficos en marca; chips KPI simplificados (resto puntual) — verificado
4 — Color y tokens,22,Fondo de la página (canvas),"El ""papel"" detrás de cada sección","6 fondos: #fafafa (shell), #f8f9fb, #f7f8fa, #f8f8f7, zinc-50, transparente",Un solo patrón de tarjetas blancas sobre fondo claro,1 solo canvas (el del shell) + tarjetas iguales,Aplicado (verificado),0 canvas fuera del shell en los 12 archivos (#f8f9fb etc. ya no existen),1 canvas del shell (#fafafa) + tarjetas blancas — verificado
4 — Color y tokens,23,Tarjetas – espacio interno (padding),El aire dentro de cada card,"veces p-6, veces p-4 (Aplicaciones ×8)",p-4/p-5 consistentes en cards (ClientesView),1 token de card (p-4) para todo,Aplicado,"Token de card = receta aprobada del CRM: rounded-xl/2xl + border-zinc-200 (sin opacidades) + shadow-xs (flat) + p-4 (p-6 migrado en Hub, Empresas y Planes).",Token card: rounded-xl/2xl + borde zinc-200 + p-4/p-5 — verificado
4 — Color y tokens,24,Contraste de texto sobre color,Letra que no se lee sobre fondo de color,"2 casos: gris claro sobre ámbar/naranja (Aplicaciones:909, Soporte:373)",No ocurre,Subir texto a gris oscuro/zinc-900 sobre colores claros,Parcial,Caso Soporte ya usa texto naranja sobre orange-50 (contraste OK); revisar Aplicaciones:909,"Texto oscuro sobre fondos claros/de color — corregido y verificado sep-26 (residuos de tema oscuro fuera: RequirePermission, QuickAccessCards, BrandingSettings, empties, tabla/grid de productos)"
5 — Layout,25,Paneles con caja propia,8 secciones se pintan con su propio fondo/recuadro sobre el lienzo maestro,"Aplicaciones, Planes, Pagos, Suscripciones, Soporte, Mi cuenta, Configuración, Reportes traen <div> con fondo y max-w propios (hasta 1500px)",Todas las vistas viven en el mismo lienzo,"Relajar esas 8 raíces: bg-transparent, sin <main> propio, sin max-w (comportarse como Inicio/Empresas/Usuarios)",Aplicado (verificado),Raices de los 8 paneles ya en bg-transparent sin max-w propio (trabajo previo); verificado hoy file:línea.,Raíces de paneles bg-transparent sin <main> propio — verificado
5 — Layout,26,Anchos que pelean,Columnas que se cortan distinto,Shell max-w-[1300px] vs módulos 1480/1500px,Uno solo,1 ancho máximo (1300) regido por el shell,Aplicado,Doble shell de Configuración eliminado: sidebar interna #111314 fuera; panel vive sobre el lienzo maestro.,1 ancho máximo regido por el shell (1300px) — verificado
5 — Layout,27,Configuración: panel dentro de panel,Doble shell (su propio menú oscuro interno),"#f7f8fa + sidebar interna #111314 (Config:323,379,429)",Sin doble shell,Quitar la portada/sidebar interna; vivir como el resto,Aplicado,"Reportes: fuente heredada, radios en escala, rampa de marca en gráficos; deja de ser isla visual (mantiene CSS propio funcional).",Sin doble shell en Configuración (sidebar interna eliminada) — verificado
5 — Layout,28,Reportes = isla de diseño,Pantalla totalmente distinta (estilos a mano),"100% inline: Inter, radios crudos px, 75 colores propios (Reportes:263-286)",—,Migrar a las tarjetas y tokens del sistema,Aplicado,Tabs 7 a 4 en Configuración (General/Conexiones/Cuenta/Avanzado) con contenido mapeado; Soporte mantiene 5 por alcance de estados reales.,Reportes migrado a tokens del sistema — verificado
6 — Pulido fino,29,Muchas pestañas en Config/Soporte,Menú con 7 y 5 opciones,7 tabs (Config:109-117) · 5 (Soporte:140-146),—,Reducir a ≤4 o agrupar,Aplicado,Badges de rol de Usuarios ya en rampa de marca (verificado); píldoras de Soporte unificadas al patrón dot+rampa (fila 31).,Tabs agrupadas ≤4 — verificado
6 — Pulido fino,30,Badges de rol tipo semáforo,Etiquetas de rol con colores rojo/azul/ámbar/verde,Users:64-67,—,"Tonos suaves de marca/neutros, no semáforo puro",Aplicado,"Un solo patrón de píldora: rounded-lg, rampa de marca por intensidad + neutro para Cerrado; sin semáforo.",Badges de rol en rampa de marca (sin semáforo) — verificado
6 — Pulido fino,31,Píldoras de estado distintas entre sí,"Misma idea, 2 estilos",con punto+dot (Users) vs sin dot (Soporte:185-201),—,1 solo patrón de píldora,Aplicado (verificado),KPI en escala uniforme desde Fase 3.,1 patrón de píldora de estado (con dot) — verificado
6 — Pulido fino,32,KPI dispar,Números de métricas,text-3xl vs text-2xl,—,Ya en Fase 3 (fila 18) — aquí solo Confirmar,Aplicado (verificado),FABs: sin indigo/purple en Hub; Chatbot en marca pura; CRM mismo estándar.,KPI en escala uniforme — verificado
6 — Pulido fino,33,FABs flotantes,Botones redondos abajo-derecha,"gradiente indigo→purple (IA) y #ff4b0b→#ff8c00 (Chatbot) (HubPanelPage:1790,1793)","Iguales en CRM (línea 630,642)","Mantener, solo quitar #ff8c00 (usar marca pura)",Aplicado,Píldoras y estados verificados y unificados; plan ejecutado al 100%.,FABs en marca pura (sin #ff8c00/indigo) — verificado
7 — Identidad del shell (nueva),34,Círculo de foto de perfil (3 estados),Avatar circular en topbar: foto real / iniciales + punto naranja (invita a subir) / skeleton mientras resuelve identidad,— (no contemplado en v2),w-8 lg:w-9 rounded-full borde; iniciales 2 palabras; punto #ff4b0b ring-2 #111 (HubPanelPage.jsx:2895-2905),"Replicar en todas las apps: mismo círculo, 3 estados y storage avatars/{uid}.webp (optimizeAvatar 512)",Aplicado y Verificado,Eliminación total del flash S.A. -> Carlos S.: implementado caché local qaway.hubProfile en Header.tsx y supresión de fallback a email split mientras carga.,Header.tsx:40-95 & HubPanelPage.jsx:2890-2914
7 — Identidad del shell (nueva),35,Nombre + rol junto al avatar,Texto a la derecha del círculo: nombre corto 13px bold + rol 10px (Super Administrador / Administrador de empresa / Miembro del equipo),—,"hidden lg:flex, 2 líneas leading-none (HubPanelPage.jsx:2903-2907)",Mismos tamaños y etiquetas de rol en todas las apps,Aplicado y Verificado,Alineado con HubPanelPage.jsx:177-180: correos administrativos sin full_name se humanizan a S Admin en vez de truncar a S A.,Header.tsx:60-80 & HubPanelPage.jsx:177-180
7 — Identidad del shell (nueva),36,Dropdown de perfil,"Menú del avatar: encabezado con avatar w-12 + nombre + email; ítems Mi cuenta, Seguridad (Próximamente), selector de Tema (claro/contraste/oscuro), Cerrar Sesión (rojo)",—,w-72 rounded-2xl surface/border tokens (:2928-2966),"Unificar en todas las apps: mismas secciones, mismo orden, mismo copy",Aplicado y Verificado,"Implementados 4 modos de tema en el shell: 1) Blanco Puro (Inventi Pro, #ffffff), 2) Escala de Grises (#f6f6f7), 3) Alto Contraste (negro/blanco original), 4) Oscuro Total (#000000/#121215). Botones Sun, Layers, Contrast y Moon activos en Header.tsx.","Header.tsx:360-395, AppLayout.tsx & index.css:70-130"
7 — Identidad del shell (nueva),37,Campana de notificaciones,Botón circular p-2 con badge puntito #ff4b0b ring-2 #111,—,(:2884-2887),Misma receta en todas las apps (badge solo si hay no leídas),Aplicado en Inventario,Referencia documentada sep-26,(:2884-2887)
7 — Identidad del shell (nueva),38,Píldora de marca/empresa,"Cápsula con dot verde pulsante + nombre de empresa + chevron; platform: dropdown ""ver como"" (w-72); admin de marca: dropdown equipo con grupos de rol; worker: estática",—,(:2616-2672; BRAND_ROLE_GROUPS :127-132),El inventario/CRM/agenda deben usar la misma píldora (los guests la ven estática),Aplicado en Inventario y Hub Master,Cápsula popover de Almacén con tarjeta flotante oscura y opciones interactivas,Header.tsx:100-170 & HubPanelPage.jsx:2600-2660
7 — Identidad del shell (nueva),39,Waffle App Switcher,"Cápsula 9 puntos con ""Apps"" revelado al hover y dropdown del catálogo",—,(:2583-2591),Idéntico en todas las apps (orden: hamburguesa → Apps → marca),Aplicado en Inventario,Buscador movido a la derecha junto a notificaciones con kbd Ctrl+K,(:2583-2591)
7 — Identidad del shell (nueva),40,"Gate de permisos + tarjeta ""Acceso restringido""","Secciones administrativas protegidas por permiso; denegación muestra tarjeta (escudo + copy ""es una sección administrativa. Solicita acceso a tu administrador"")","Inventario ya lo aplica (RequirePermission, commit 380af89c); Hub con RestrictedCard (:1953-1962)",Copy y patrón idénticos,Replicar el gate en CRM/agenda/academy con el MISMO copy y estructura,Parcial (solo inventario),Referencia documentada sep-26,Copy y patrón idénticos
7 — Identidad del shell (nueva),41,Sidebar colapsable + saludo del inicio,Botón hamburguesa en topbar que colapsa el menú; banner de bienvenida con fecha larga es-PE + H1 + frase de marca,—,(:2576-2578; WorkerHome :2009-2014),Mismo comportamiento de colapso y misma estructura de saludo,Aplicado en Inventario y Hub Master,"Sidebar w-64, scrollbar oculta [scrollbar-width:none], logo h-[72px], botones px-3 py-2.5 hover:bg-white/10",(:2576-2578; WorkerHome :2009-2014)
7 — Identidad del shell (nueva),42,Anti-scroll: barra de filtros/búsqueda fija al llegar arriba,"Al scrollear la lista, la barra de filtros/búsqueda se ancla arriba (sticky) y sigue usable sin volver a subir",—,sticky top-0 z-30 bg-white/95 backdrop-blur-md border-zinc-200 rounded-xl (HubPanelPage.jsx:990; variante pestañas :3068),"Inventario aplicado sep-26 en 13 paneles: Products, Sales, WebOrders, Customers, Suppliers, PurchaseOrders, Accounting, Expenses, Reports, Quotations, Packages, Catalogs, Liquidation — mismo patrón que CRM (ClientesView:266, LeadsView:163, TareasView:292)",Aplicado en Inventario,"Shell h-dvh overflow-hidden, main scrolleable. Topbar y logo fijos",sticky top-0 z-30 bg-white/95 backdrop-blur-md border-zinc-200 rounded-xl (HubPanelPage.jsx:990; variante pestañas :3068)
7 — Identidad del shell (nueva),43,Acople de panel referencia sin bordes,Remoción del marco punteado y etiqueta [REFERENCIA DE DISEÑO] en ProductsPage.tsx,—,Acople superior limpio,Renderizar ProductosPanel directamente sobre el módulo para comparar visualmente,Aplicado y Verificado,Marco punteado naranja y banner eliminados; ProductosPanel se renderiza directo en ProductsPage.tsx:64-70,ProductsPage.tsx:64-70 & 2-ProductosPanel.jsx
38,"Calibración Logo Inventi Pro, Radius 8px y Botón Activo Gris Azulado","Sidebar.tsx, index.css","Logo Inventi Pro con píldora Pro y subtítulo ERP, redondeado 8px estándar y botón activo gris azulado #eaf2ff en modo blanco",3a817863,COMPLETO,2026-09-28 16:25,,,
39,"Calibración Logo Centro Transparente, Píldora Pro y Remoción Sidebar Inventi","Sidebar.tsx, 2-ProductosPanel.jsx","Centro del logo con background var(--hub-bg) hueco transparente, píldora Pro con bg #eaf2ff y texto #1261e9 sin interferencias dark, y remoción de aside duplicado en ProductosPanel",6507bc98,COMPLETO,2026-09-28 16:36,,,
40,Calibración Tipografía Separadores y Raya Divisoria Colapsado en Sidebar,Sidebar.tsx,"Tipografía sans-serif semibold armónica para títulos de sección (Logística, Comercial, etc.) y raya horizontal sutil w-7 en modo colapsado para separar bloques de íconos",617a2d79,COMPLETO,2026-09-28 16:54,,,
41,Pop-ups / Tooltips Flotantes para Íconos en Sidebar,Sidebar.tsx,Tooltip flotante con el nombre del módulo al pasar el mouse por los íconos del sidebar colapsado y overflow-visible,commit,COMPLETO,2026-09-28 17:06,,,
